[
  {
    "id": "lead_001",
    "accountId": "acct_demo_001",
    "name": "Mark Wilson",
    "phoneE164": "+14345550711",
    "email": null,
    "addressText": "2500 Hydraulic Rd, Charlottesville, VA 22901",
    "zip": "22901",
    "source": "SMS",
    "status": "NEW",
    "requestedServices": [
      "One-Time Lawn Mowing"
    ],
    "linkedCustomerId": null,
    "createdAt": "2026-01-05T10:00:00-05:00"
  },
  {
    "id": "lead_002",
    "accountId": "acct_demo_001",
    "name": "Ana Lopez",
    "phoneE164": "+14345550712",
    "email": "lead_002@example.com",
    "addressText": "1011 Crozet Ave, Crozet, VA 22932",
    "zip": "22932",
    "source": "WEB",
    "status": "CONVERTED",
    "requestedServices": [
      "Mulch Delivery",
      "Mulch Installation"
    ],
    "linkedCustomerId": "cust_010",
    "createdAt": "2026-01-05T11:00:00-05:00"
  },
  {
    "id": "lead_003",
    "accountId": "acct_demo_001",
    "name": "Blue Ridge HOA",
    "phoneE164": "+14345550713",
    "email": "lead_003@example.com",
    "addressText": "501 Skyline Dr, Ruckersville, VA 22968",
    "zip": "22968",
    "source": "EMAIL",
    "status": "QUOTE_PENDING_APPROVAL",
    "requestedServices": [
      "Seasonal Cleanup",
      "Brush Clearing"
    ],
    "linkedCustomerId": "cust_011",
    "createdAt": "2026-01-02T12:00:00-05:00"
  },
  {
    "id": "lead_004",
    "accountId": "acct_demo_001",
    "name": "Tom Garcia",
    "phoneE164": "+14345550714",
    "email": null,
    "addressText": "Stanardsville, VA 22973",
    "zip": "22973",
    "source": "SMS",
    "status": "FOLLOWUP_NEEDED",
    "requestedServices": [
      "Snow Removal (Rotation)"
    ],
    "linkedCustomerId": null,
    "createdAt": "2026-01-01T13:00:00-05:00"
  },
  {
    "id": "lead_005",
    "accountId": "acct_demo_001",
    "name": "Priya Patel",
    "phoneE164": "+14345550715",
    "email": "lead_005@example.com",
    "addressText": "800 High St, Charlottesville, VA 22902",
    "zip": "22902",
    "source": "WEB",
    "status": "QUALIFIED",
    "requestedServices": [
      "Recurring Lawn Maintenance"
    ],
    "linkedCustomerId": "cust_013",
    "createdAt": "2025-12-31T14:00:00-05:00"
  },
  {
    "id": "lead_006",
    "accountId": "acct_demo_001",
    "name": "Oak Hill Dental",
    "phoneE164": "+14345550716",
    "email": "lead_006@example.com",
    "addressText": "900 Rio Rd E, Charlottesville, VA 22901",
    "zip": "22901",
    "source": "WEB",
    "status": "QUALIFIED",
    "requestedServices": [
      "Commercial Lawn Maintenance"
    ],
    "linkedCustomerId": "cust_005",
    "createdAt": "2025-12-30T09:00:00-05:00"
  }
]