[
  {
    "id": "inv_001",
    "accountId": "acct_demo_001",
    "customerId": "cust_001",
    "jobId": "job_001",
    "quoteId": "quote_003",
    "status": "DRAFT",
    "currency": "USD",
    "subtotal": 558.0,
    "tax": 42.0,
    "total": 600,
    "dueDate": "2026-01-04T16:00:00-05:00",
    "sentAt": null,
    "paidAt": null,
    "externalProvider": null,
    "externalInvoiceId": null,
    "lastSyncedAt": null,
    "createdAt": "2025-12-28T16:00:00-05:00",
    "updatedAt": "2026-01-05T12:00:00-05:00"
  },
  {
    "id": "inv_002",
    "accountId": "acct_demo_001",
    "customerId": "cust_002",
    "jobId": "job_002",
    "quoteId": "quote_002",
    "status": "PENDING_APPROVAL",
    "currency": "USD",
    "subtotal": 558.0,
    "tax": 42.0,
    "total": 600,
    "dueDate": "2026-01-05T14:00:00-05:00",
    "sentAt": "2025-12-31T14:00:00-05:00",
    "paidAt": null,
    "externalProvider": "QUICKBOOKS",
    "externalInvoiceId": "QB-INV_002",
    "lastSyncedAt": "2026-01-05T12:00:00-05:00",
    "createdAt": "2025-12-29T14:00:00-05:00",
    "updatedAt": "2026-01-05T12:00:00-05:00"
  },
  {
    "id": "inv_003",
    "accountId": "acct_demo_001",
    "customerId": "cust_003",
    "jobId": "job_003",
    "quoteId": null,
    "status": "SENT",
    "currency": "USD",
    "subtotal": 167.4,
    "tax": 12.6,
    "total": 180,
    "dueDate": "2026-01-10T16:00:00-05:00",
    "sentAt": "2026-01-05T16:00:00-05:00",
    "paidAt": null,
    "externalProvider": "QUICKBOOKS",
    "externalInvoiceId": "QB-INV_003",
    "lastSyncedAt": "2026-01-05T12:00:00-05:00",
    "createdAt": "2026-01-03T16:00:00-05:00",
    "updatedAt": "2026-01-05T12:00:00-05:00"
  },
  {
    "id": "inv_004",
    "accountId": "acct_demo_001",
    "customerId": "cust_004",
    "jobId": "job_004",
    "quoteId": null,
    "status": "PAID",
    "currency": "USD",
    "subtotal": 558.0,
    "tax": 42.0,
    "total": 600,
    "dueDate": "2026-01-02T14:00:00-05:00",
    "sentAt": "2025-12-26T14:00:00-05:00",
    "paidAt": "2025-12-26T14:00:00-05:00",
    "externalProvider": "QUICKBOOKS",
    "externalInvoiceId": "QB-INV_004",
    "lastSyncedAt": "2026-01-05T12:00:00-05:00",
    "createdAt": "2025-12-26T14:00:00-05:00",
    "updatedAt": "2026-01-05T12:00:00-05:00"
  },
  {
    "id": "inv_005",
    "accountId": "acct_demo_001",
    "customerId": "cust_005",
    "jobId": "job_005",
    "quoteId": "quote_004",
    "status": "PARTIAL",
    "currency": "USD",
    "subtotal": 558.0,
    "tax": 42.0,
    "total": 600,
    "dueDate": "2026-01-08T10:00:00-05:00",
    "sentAt": "2026-01-01T10:00:00-05:00",
    "paidAt": null,
    "externalProvider": "QUICKBOOKS",
    "externalInvoiceId": "QB-INV_005",
    "lastSyncedAt": "2026-01-05T12:00:00-05:00",
    "createdAt": "2026-01-01T10:00:00-05:00",
    "updatedAt": "2026-01-05T12:00:00-05:00"
  },
  {
    "id": "inv_006",
    "accountId": "acct_demo_001",
    "customerId": "cust_006",
    "jobId": "job_006",
    "quoteId": null,
    "status": "OVERDUE",
    "currency": "USD",
    "subtotal": 837.0,
    "tax": 63.0,
    "total": 900,
    "dueDate": "2026-01-02T09:00:00-05:00",
    "sentAt": "2025-12-28T09:00:00-05:00",
    "paidAt": null,
    "externalProvider": "QUICKBOOKS",
    "externalInvoiceId": "QB-INV_006",
    "lastSyncedAt": "2026-01-05T12:00:00-05:00",
    "createdAt": "2025-12-26T09:00:00-05:00",
    "updatedAt": "2026-01-05T12:00:00-05:00"
  },
  {
    "id": "inv_007",
    "accountId": "acct_demo_001",
    "customerId": "cust_007",
    "jobId": "job_007",
    "quoteId": null,
    "status": "VOID",
    "currency": "USD",
    "subtotal": 418.5,
    "tax": 31.5,
    "total": 450,
    "dueDate": "2026-01-05T15:00:00-05:00",
    "sentAt": "2025-12-31T15:00:00-05:00",
    "paidAt": null,
    "externalProvider": "QUICKBOOKS",
    "externalInvoiceId": "QB-INV_007",
    "lastSyncedAt": "2026-01-05T12:00:00-05:00",
    "createdAt": "2025-12-29T15:00:00-05:00",
    "updatedAt": "2026-01-05T12:00:00-05:00"
  },
  {
    "id": "inv_008",
    "accountId": "acct_demo_001",
    "customerId": "cust_008",
    "jobId": "job_008",
    "quoteId": null,
    "status": "DISPUTED",
    "currency": "USD",
    "subtotal": 111.6,
    "tax": 8.4,
    "total": 120,
    "dueDate": "2026-01-03T09:00:00-05:00",
    "sentAt": "2025-12-29T09:00:00-05:00",
    "paidAt": null,
    "externalProvider": "QUICKBOOKS",
    "externalInvoiceId": "QB-INV_008",
    "lastSyncedAt": "2026-01-05T12:00:00-05:00",
    "createdAt": "2025-12-27T09:00:00-05:00",
    "updatedAt": "2026-01-05T12:00:00-05:00"
  },
  {
    "id": "inv_009",
    "accountId": "acct_demo_001",
    "customerId": "cust_009",
    "jobId": "job_009",
    "quoteId": null,
    "status": "FAILED_SYNC",
    "currency": "USD",
    "subtotal": 88.35,
    "tax": 6.65,
    "total": 95,
    "dueDate": "2026-01-12T09:00:00-05:00",
    "sentAt": "2026-01-05T09:00:00-05:00",
    "paidAt": null,
    "externalProvider": "QUICKBOOKS",
    "externalInvoiceId": null,
    "lastSyncedAt": null,
    "createdAt": "2026-01-05T09:00:00-05:00",
    "updatedAt": "2026-01-05T12:00:00-05:00"
  },
  {
    "id": "inv_010",
    "accountId": "acct_demo_001",
    "customerId": "cust_010",
    "jobId": "job_010",
    "quoteId": null,
    "status": "PAID",
    "currency": "USD",
    "subtotal": 241.8,
    "tax": 18.2,
    "total": 260,
    "dueDate": "2026-01-19T16:00:00-05:00",
    "sentAt": "2026-01-06T16:00:00-05:00",
    "paidAt": "2026-01-08T16:00:00-05:00",
    "externalProvider": "QUICKBOOKS",
    "externalInvoiceId": "QB-INV_010",
    "lastSyncedAt": "2026-01-05T12:00:00-05:00",
    "createdAt": "2026-01-05T16:00:00-05:00",
    "updatedAt": "2026-01-05T12:00:00-05:00"
  },
  {
    "id": "inv_011",
    "accountId": "acct_demo_001",
    "customerId": "cust_011",
    "jobId": "job_011",
    "quoteId": null,
    "status": "DRAFT",
    "currency": "USD",
    "subtotal": 241.8,
    "tax": 18.2,
    "total": 260,
    "dueDate": "2026-01-16T14:00:00-05:00",
    "sentAt": null,
    "paidAt": null,
    "externalProvider": null,
    "externalInvoiceId": null,
    "lastSyncedAt": null,
    "createdAt": "2026-01-02T14:00:00-05:00",
    "updatedAt": "2026-01-05T12:00:00-05:00"
  },
  {
    "id": "inv_012",
    "accountId": "acct_demo_001",
    "customerId": "cust_012",
    "jobId": "job_012",
    "quoteId": null,
    "status": "PAID",
    "currency": "USD",
    "subtotal": 316.2,
    "tax": 23.8,
    "total": 340,
    "dueDate": "2026-01-15T13:00:00-05:00",
    "sentAt": "2026-01-01T13:00:00-05:00",
    "paidAt": "2026-01-01T13:00:00-05:00",
    "externalProvider": "QUICKBOOKS",
    "externalInvoiceId": "QB-INV_012",
    "lastSyncedAt": "2026-01-05T12:00:00-05:00",
    "createdAt": "2026-01-01T13:00:00-05:00",
    "updatedAt": "2026-01-05T12:00:00-05:00"
  },
  {
    "id": "inv_013",
    "accountId": "acct_demo_001",
    "customerId": "cust_013",
    "jobId": "job_013",
    "quoteId": null,
    "status": "DRAFT",
    "currency": "USD",
    "subtotal": 316.2,
    "tax": 23.8,
    "total": 340,
    "dueDate": "2026-01-15T13:00:00-05:00",
    "sentAt": null,
    "paidAt": null,
    "externalProvider": null,
    "externalInvoiceId": null,
    "lastSyncedAt": null,
    "createdAt": "2026-01-01T13:00:00-05:00",
    "updatedAt": "2026-01-05T12:00:00-05:00"
  },
  {
    "id": "inv_014",
    "accountId": "acct_demo_001",
    "customerId": "cust_014",
    "jobId": "job_014",
    "quoteId": null,
    "status": "SENT",
    "currency": "USD",
    "subtotal": 316.2,
    "tax": 23.8,
    "total": 340,
    "dueDate": "2026-01-15T11:00:00-05:00",
    "sentAt": "2026-01-01T11:00:00-05:00",
    "paidAt": null,
    "externalProvider": "QUICKBOOKS",
    "externalInvoiceId": "QB-INV_014",
    "lastSyncedAt": "2026-01-05T12:00:00-05:00",
    "createdAt": "2026-01-01T11:00:00-05:00",
    "updatedAt": "2026-01-05T12:00:00-05:00"
  },
  {
    "id": "inv_015",
    "accountId": "acct_demo_001",
    "customerId": "cust_015",
    "jobId": "job_015",
    "quoteId": null,
    "status": "OVERDUE",
    "currency": "USD",
    "subtotal": 79.05,
    "tax": 5.95,
    "total": 85,
    "dueDate": "2026-01-18T14:00:00-05:00",
    "sentAt": "2026-01-04T14:00:00-05:00",
    "paidAt": null,
    "externalProvider": "QUICKBOOKS",
    "externalInvoiceId": "QB-INV_015",
    "lastSyncedAt": "2026-01-05T12:00:00-05:00",
    "createdAt": "2026-01-04T14:00:00-05:00",
    "updatedAt": "2026-01-05T12:00:00-05:00"
  },
  {
    "id": "inv_016",
    "accountId": "acct_demo_001",
    "customerId": "cust_016",
    "jobId": "job_016",
    "quoteId": null,
    "status": "DRAFT",
    "currency": "USD",
    "subtotal": 79.05,
    "tax": 5.95,
    "total": 85,
    "dueDate": "2026-01-15T13:00:00-05:00",
    "sentAt": null,
    "paidAt": null,
    "externalProvider": null,
    "externalInvoiceId": null,
    "lastSyncedAt": null,
    "createdAt": "2026-01-01T13:00:00-05:00",
    "updatedAt": "2026-01-05T12:00:00-05:00"
  },
  {
    "id": "inv_017",
    "accountId": "acct_demo_001",
    "customerId": "cust_017",
    "jobId": "job_017",
    "quoteId": null,
    "status": "SENT",
    "currency": "USD",
    "subtotal": 79.05,
    "tax": 5.95,
    "total": 85,
    "dueDate": "2026-01-09T09:00:00-05:00",
    "sentAt": "2025-12-26T09:00:00-05:00",
    "paidAt": null,
    "externalProvider": "QUICKBOOKS",
    "externalInvoiceId": "QB-INV_017",
    "lastSyncedAt": "2026-01-05T12:00:00-05:00",
    "createdAt": "2025-12-26T09:00:00-05:00",
    "updatedAt": "2026-01-05T12:00:00-05:00"
  },
  {
    "id": "inv_018",
    "accountId": "acct_demo_001",
    "customerId": "cust_018",
    "jobId": "job_018",
    "quoteId": null,
    "status": "PAID",
    "currency": "USD",
    "subtotal": 79.05,
    "tax": 5.95,
    "total": 85,
    "dueDate": "2026-01-12T13:00:00-05:00",
    "sentAt": "2025-12-31T13:00:00-05:00",
    "paidAt": "2026-01-03T13:00:00-05:00",
    "externalProvider": "QUICKBOOKS",
    "externalInvoiceId": "QB-INV_018",
    "lastSyncedAt": "2026-01-05T12:00:00-05:00",
    "createdAt": "2025-12-29T13:00:00-05:00",
    "updatedAt": "2026-01-05T12:00:00-05:00"
  },
  {
    "id": "inv_019",
    "accountId": "acct_demo_001",
    "customerId": "cust_019",
    "jobId": "job_019",
    "quoteId": null,
    "status": "DRAFT",
    "currency": "USD",
    "subtotal": 79.05,
    "tax": 5.95,
    "total": 85,
    "dueDate": "2026-01-10T15:00:00-05:00",
    "sentAt": null,
    "paidAt": null,
    "externalProvider": null,
    "externalInvoiceId": null,
    "lastSyncedAt": null,
    "createdAt": "2025-12-27T15:00:00-05:00",
    "updatedAt": "2026-01-05T12:00:00-05:00"
  },
  {
    "id": "inv_020",
    "accountId": "acct_demo_001",
    "customerId": "cust_020",
    "jobId": "job_020",
    "quoteId": null,
    "status": "PAID",
    "currency": "USD",
    "subtotal": 446.4,
    "tax": 33.6,
    "total": 480,
    "dueDate": "2026-01-09T11:00:00-05:00",
    "sentAt": "2025-12-27T11:00:00-05:00",
    "paidAt": "2025-12-27T11:00:00-05:00",
    "externalProvider": "QUICKBOOKS",
    "externalInvoiceId": "QB-INV_020",
    "lastSyncedAt": "2026-01-05T12:00:00-05:00",
    "createdAt": "2025-12-26T11:00:00-05:00",
    "updatedAt": "2026-01-05T12:00:00-05:00"
  }
]