[
  {
    "id": "thread_lead_001",
    "accountId": "acct_demo_001",
    "audienceType": "LEAD",
    "audienceId": "lead_001",
    "primaryChannel": "SMS",
    "urgencyLevel": "HIGH",
    "status": "NEEDS_RESPONSE",
    "relatedJobId": null,
    "relatedQuoteId": null,
    "relatedInvoiceId": null,
    "lastMessageAt": "2026-01-05T09:30:00-05:00"
  },
  {
    "id": "thread_lead_002",
    "accountId": "acct_demo_001",
    "audienceType": "LEAD",
    "audienceId": "lead_002",
    "primaryChannel": "EMAIL",
    "urgencyLevel": "MED",
    "status": "NEEDS_RESPONSE",
    "relatedJobId": null,
    "relatedQuoteId": null,
    "relatedInvoiceId": null,
    "lastMessageAt": "2026-01-05T09:30:00-05:00"
  },
  {
    "id": "thread_lead_003",
    "accountId": "acct_demo_001",
    "audienceType": "LEAD",
    "audienceId": "lead_003",
    "primaryChannel": "EMAIL",
    "urgencyLevel": "MED",
    "status": "NEEDS_RESPONSE",
    "relatedJobId": null,
    "relatedQuoteId": null,
    "relatedInvoiceId": null,
    "lastMessageAt": "2026-01-05T09:30:00-05:00"
  },
  {
    "id": "thread_lead_004",
    "accountId": "acct_demo_001",
    "audienceType": "LEAD",
    "audienceId": "lead_004",
    "primaryChannel": "SMS",
    "urgencyLevel": "HIGH",
    "status": "NEEDS_RESPONSE",
    "relatedJobId": null,
    "relatedQuoteId": null,
    "relatedInvoiceId": null,
    "lastMessageAt": "2026-01-05T09:30:00-05:00"
  },
  {
    "id": "thread_cust_001",
    "accountId": "acct_demo_001",
    "audienceType": "CUSTOMER",
    "audienceId": "cust_001",
    "primaryChannel": "SMS",
    "urgencyLevel": "LOW",
    "status": "WAITING_ON_OTHER",
    "relatedJobId": "job_001",
    "relatedQuoteId": "quote_003",
    "relatedInvoiceId": "inv_001",
    "lastMessageAt": "2026-01-05T14:10:00-05:00"
  },
  {
    "id": "thread_cust_002",
    "accountId": "acct_demo_001",
    "audienceType": "CUSTOMER",
    "audienceId": "cust_002",
    "primaryChannel": "SMS",
    "urgencyLevel": "HIGH",
    "status": "APPROVAL_NEEDED",
    "relatedJobId": "job_002",
    "relatedQuoteId": "quote_002",
    "relatedInvoiceId": "inv_002",
    "lastMessageAt": "2026-01-05T14:10:00-05:00"
  },
  {
    "id": "thread_cust_003",
    "accountId": "acct_demo_001",
    "audienceType": "CUSTOMER",
    "audienceId": "cust_003",
    "primaryChannel": "SMS",
    "urgencyLevel": "LOW",
    "status": "WAITING_ON_OTHER",
    "relatedJobId": "job_003",
    "relatedQuoteId": null,
    "relatedInvoiceId": "inv_003",
    "lastMessageAt": "2026-01-05T14:10:00-05:00"
  },
  {
    "id": "thread_cust_004",
    "accountId": "acct_demo_001",
    "audienceType": "CUSTOMER",
    "audienceId": "cust_004",
    "primaryChannel": "SMS",
    "urgencyLevel": "LOW",
    "status": "WAITING_ON_OTHER",
    "relatedJobId": "job_004",
    "relatedQuoteId": null,
    "relatedInvoiceId": "inv_004",
    "lastMessageAt": "2026-01-05T14:10:00-05:00"
  },
  {
    "id": "thread_cust_005",
    "accountId": "acct_demo_001",
    "audienceType": "CUSTOMER",
    "audienceId": "cust_005",
    "primaryChannel": "SMS",
    "urgencyLevel": "LOW",
    "status": "WAITING_ON_OTHER",
    "relatedJobId": "job_005",
    "relatedQuoteId": "quote_004",
    "relatedInvoiceId": "inv_005",
    "lastMessageAt": "2026-01-05T14:10:00-05:00"
  },
  {
    "id": "thread_cust_006",
    "accountId": "acct_demo_001",
    "audienceType": "CUSTOMER",
    "audienceId": "cust_006",
    "primaryChannel": "SMS",
    "urgencyLevel": "HIGH",
    "status": "WAITING_ON_OTHER",
    "relatedJobId": "job_006",
    "relatedQuoteId": null,
    "relatedInvoiceId": "inv_006",
    "lastMessageAt": "2026-01-05T14:10:00-05:00"
  },
  {
    "id": "thread_cust_007",
    "accountId": "acct_demo_001",
    "audienceType": "CUSTOMER",
    "audienceId": "cust_007",
    "primaryChannel": "SMS",
    "urgencyLevel": "LOW",
    "status": "WAITING_ON_OTHER",
    "relatedJobId": "job_007",
    "relatedQuoteId": null,
    "relatedInvoiceId": "inv_007",
    "lastMessageAt": "2026-01-05T14:10:00-05:00"
  },
  {
    "id": "thread_cust_008",
    "accountId": "acct_demo_001",
    "audienceType": "CUSTOMER",
    "audienceId": "cust_008",
    "primaryChannel": "SMS",
    "urgencyLevel": "HIGH",
    "status": "ESCALATED",
    "relatedJobId": "job_008",
    "relatedQuoteId": null,
    "relatedInvoiceId": "inv_008",
    "lastMessageAt": "2026-01-05T14:10:00-05:00"
  },
  {
    "id": "thread_cust_009",
    "accountId": "acct_demo_001",
    "audienceType": "CUSTOMER",
    "audienceId": "cust_009",
    "primaryChannel": "SMS",
    "urgencyLevel": "HIGH",
    "status": "ESCALATED",
    "relatedJobId": "job_009",
    "relatedQuoteId": null,
    "relatedInvoiceId": "inv_009",
    "lastMessageAt": "2026-01-05T14:10:00-05:00"
  },
  {
    "id": "thread_cust_010",
    "accountId": "acct_demo_001",
    "audienceType": "CUSTOMER",
    "audienceId": "cust_010",
    "primaryChannel": "SMS",
    "urgencyLevel": "LOW",
    "status": "WAITING_ON_OTHER",
    "relatedJobId": "job_010",
    "relatedQuoteId": null,
    "relatedInvoiceId": "inv_010",
    "lastMessageAt": "2026-01-05T14:10:00-05:00"
  },
  {
    "id": "thread_cust_011",
    "accountId": "acct_demo_001",
    "audienceType": "CUSTOMER",
    "audienceId": "cust_011",
    "primaryChannel": "SMS",
    "urgencyLevel": "LOW",
    "status": "WAITING_ON_OTHER",
    "relatedJobId": "job_011",
    "relatedQuoteId": null,
    "relatedInvoiceId": "inv_011",
    "lastMessageAt": "2026-01-05T14:10:00-05:00"
  },
  {
    "id": "thread_cust_012",
    "accountId": "acct_demo_001",
    "audienceType": "CUSTOMER",
    "audienceId": "cust_012",
    "primaryChannel": "SMS",
    "urgencyLevel": "LOW",
    "status": "WAITING_ON_OTHER",
    "relatedJobId": "job_012",
    "relatedQuoteId": null,
    "relatedInvoiceId": "inv_012",
    "lastMessageAt": "2026-01-05T14:10:00-05:00"
  },
  {
    "id": "thread_cust_013",
    "accountId": "acct_demo_001",
    "audienceType": "CUSTOMER",
    "audienceId": "cust_013",
    "primaryChannel": "SMS",
    "urgencyLevel": "LOW",
    "status": "WAITING_ON_OTHER",
    "relatedJobId": "job_013",
    "relatedQuoteId": null,
    "relatedInvoiceId": "inv_013",
    "lastMessageAt": "2026-01-05T14:10:00-05:00"
  },
  {
    "id": "thread_cust_014",
    "accountId": "acct_demo_001",
    "audienceType": "CUSTOMER",
    "audienceId": "cust_014",
    "primaryChannel": "SMS",
    "urgencyLevel": "LOW",
    "status": "WAITING_ON_OTHER",
    "relatedJobId": "job_014",
    "relatedQuoteId": null,
    "relatedInvoiceId": "inv_014",
    "lastMessageAt": "2026-01-05T14:10:00-05:00"
  },
  {
    "id": "thread_cust_015",
    "accountId": "acct_demo_001",
    "audienceType": "CUSTOMER",
    "audienceId": "cust_015",
    "primaryChannel": "SMS",
    "urgencyLevel": "HIGH",
    "status": "WAITING_ON_OTHER",
    "relatedJobId": "job_015",
    "relatedQuoteId": null,
    "relatedInvoiceId": "inv_015",
    "lastMessageAt": "2026-01-05T14:10:00-05:00"
  },
  {
    "id": "thread_cust_016",
    "accountId": "acct_demo_001",
    "audienceType": "CUSTOMER",
    "audienceId": "cust_016",
    "primaryChannel": "SMS",
    "urgencyLevel": "LOW",
    "status": "WAITING_ON_OTHER",
    "relatedJobId": "job_016",
    "relatedQuoteId": null,
    "relatedInvoiceId": "inv_016",
    "lastMessageAt": "2026-01-05T14:10:00-05:00"
  },
  {
    "id": "thread_cust_017",
    "accountId": "acct_demo_001",
    "audienceType": "CUSTOMER",
    "audienceId": "cust_017",
    "primaryChannel": "SMS",
    "urgencyLevel": "LOW",
    "status": "WAITING_ON_OTHER",
    "relatedJobId": "job_017",
    "relatedQuoteId": null,
    "relatedInvoiceId": "inv_017",
    "lastMessageAt": "2026-01-05T14:10:00-05:00"
  },
  {
    "id": "thread_cust_018",
    "accountId": "acct_demo_001",
    "audienceType": "CUSTOMER",
    "audienceId": "cust_018",
    "primaryChannel": "SMS",
    "urgencyLevel": "LOW",
    "status": "WAITING_ON_OTHER",
    "relatedJobId": "job_018",
    "relatedQuoteId": null,
    "relatedInvoiceId": "inv_018",
    "lastMessageAt": "2026-01-05T14:10:00-05:00"
  },
  {
    "id": "thread_cust_019",
    "accountId": "acct_demo_001",
    "audienceType": "CUSTOMER",
    "audienceId": "cust_019",
    "primaryChannel": "SMS",
    "urgencyLevel": "LOW",
    "status": "WAITING_ON_OTHER",
    "relatedJobId": "job_019",
    "relatedQuoteId": null,
    "relatedInvoiceId": "inv_019",
    "lastMessageAt": "2026-01-05T14:10:00-05:00"
  },
  {
    "id": "thread_cust_020",
    "accountId": "acct_demo_001",
    "audienceType": "CUSTOMER",
    "audienceId": "cust_020",
    "primaryChannel": "SMS",
    "urgencyLevel": "LOW",
    "status": "WAITING_ON_OTHER",
    "relatedJobId": "job_020",
    "relatedQuoteId": null,
    "relatedInvoiceId": "inv_020",
    "lastMessageAt": "2026-01-05T14:10:00-05:00"
  },
  {
    "id": "thread_crew_cville_001",
    "accountId": "acct_demo_001",
    "audienceType": "CREW",
    "audienceId": "crew_cville_001",
    "primaryChannel": "SMS",
    "urgencyLevel": "MED",
    "status": "NEEDS_RESPONSE",
    "relatedJobId": null,
    "relatedQuoteId": null,
    "relatedInvoiceId": null,
    "lastMessageAt": "2026-01-05T07:50:00-05:00"
  },
  {
    "id": "thread_crew_albemarle_002",
    "accountId": "acct_demo_001",
    "audienceType": "CREW",
    "audienceId": "crew_albemarle_002",
    "primaryChannel": "SMS",
    "urgencyLevel": "MED",
    "status": "NEEDS_RESPONSE",
    "relatedJobId": null,
    "relatedQuoteId": null,
    "relatedInvoiceId": null,
    "lastMessageAt": "2026-01-05T07:50:00-05:00"
  },
  {
    "id": "thread_crew_greene_003",
    "accountId": "acct_demo_001",
    "audienceType": "CREW",
    "audienceId": "crew_greene_003",
    "primaryChannel": "SMS",
    "urgencyLevel": "MED",
    "status": "NEEDS_RESPONSE",
    "relatedJobId": null,
    "relatedQuoteId": null,
    "relatedInvoiceId": null,
    "lastMessageAt": "2026-01-05T07:50:00-05:00"
  }
]